"RK","PLAYER NAME",TEAM,"POS","SOS SEASON","SOS PLAYOFFS","ECR VS. ADP"
"1","Christian McCaffrey",SF,"RB1","3 out of 5 stars","3 out of 5 stars","+6"
"2","Jaxon Smith-Njigba",SEA,"WR1","3 out of 5 stars","3 out of 5 stars","+31"
"3","Jahmyr Gibbs",DET,"RB2","3 out of 5 stars","2 out of 5 stars","+1"
"4","De'Von Achane",MIA,"RB3","4 out of 5 stars","3 out of 5 stars","+10"
"5","Bijan Robinson",ATL,"RB4","3 out of 5 stars","3 out of 5 stars","-3"
"6","Puka Nacua",LAR,"WR2","3 out of 5 stars","4 out of 5 stars","+6"
"7","Ja'Marr Chase",CIN,"WR3","4 out of 5 stars","4 out of 5 stars","-6"
"8","Amon-Ra St. Brown",DET,"WR4","2 out of 5 stars","2 out of 5 stars","+1"
"9","CeeDee Lamb",DAL,"WR5","3 out of 5 stars","2 out of 5 stars","-4"
"10","James Cook III",BUF,"RB5","2 out of 5 stars","2 out of 5 stars","+18"
"11","Nico Collins",HOU,"WR6","2 out of 5 stars","2 out of 5 stars","+2"
"12","Jonathan Taylor",IND,"RB6","3 out of 5 stars","2 out of 5 stars","+6"
"13","Rashee Rice",KC,"WR7","3 out of 5 stars","2 out of 5 stars","+58"
"14","George Pickens",DAL,"WR8","3 out of 5 stars","2 out of 5 stars","+54"
"15","Josh Jacobs",GB,"RB7","4 out of 5 stars","3 out of 5 stars","+1"
"16","Javonte Williams",DAL,"RB8","3 out of 5 stars","4 out of 5 stars","+91"
"17","Bucky Irving",TB,"RB9","4 out of 5 stars","4 out of 5 stars","+7"
"18","A.J. Brown",PHI,"WR9","4 out of 5 stars","4 out of 5 stars","+3"
"19","Derrick Henry",BAL,"RB10","2 out of 5 stars","3 out of 5 stars","-9"
"20","Chase Brown",CIN,"RB11","4 out of 5 stars","4 out of 5 stars","+2"
"21","Josh Allen",BUF,"QB1","1 out of 5 stars","2 out of 5 stars","-1"
"22","Jaylen Waddle",MIA,"WR10","2 out of 5 stars","2 out of 5 stars","+50"
"23","Travis Etienne Jr.",JAC,"RB12","2 out of 5 stars","3 out of 5 stars","+69"
"24","Trey McBride",ARI,"TE1","3 out of 5 stars","3 out of 5 stars","+3"
"25","Drake Maye",NE,"QB2","4 out of 5 stars","4 out of 5 stars","+98"
"26","Kyren Williams",LAR,"RB13","2 out of 5 stars","2 out of 5 stars","-1"
"27","Jameson Williams",DET,"WR11","2 out of 5 stars","2 out of 5 stars","+30"
"28","Saquon Barkley",PHI,"RB14","5 out of 5 stars","4 out of 5 stars","-25"
"29","Chris Olave",NO,"WR12","5 out of 5 stars","4 out of 5 stars","+49"
"30","Tetairoa McMillan",CAR,"WR13","2 out of 5 stars","2 out of 5 stars","+26"
"31","Lamar Jackson",BAL,"QB3","4 out of 5 stars","5 out of 5 stars","-8"
"32","Michael Wilson",ARI,"WR14","3 out of 5 stars","3 out of 5 stars","+238"
"33","TreVeyon Henderson",NE,"RB15","4 out of 5 stars","5 out of 5 stars","+12"
"34","Wan'Dale Robinson",NYG,"WR15","2 out of 5 stars","3 out of 5 stars","+149"
"35","George Kittle",SF,"TE2","3 out of 5 stars","4 out of 5 stars","+2"
"36","Jalen Hurts",PHI,"QB4","5 out of 5 stars","5 out of 5 stars","-2"
"37","DeVonta Smith",PHI,"WR16","4 out of 5 stars","4 out of 5 stars","+18"
"38","Brock Bowers",LV,"TE3","2 out of 5 stars","1 out of 5 stars","-19"
"39","Tee Higgins",CIN,"WR17","4 out of 5 stars","4 out of 5 stars","-9"
"40","Ladd McConkey",LAC,"WR18","4 out of 5 stars","3 out of 5 stars","-14"
"41","Justin Jefferson",MIN,"WR19","3 out of 5 stars","4 out of 5 stars","-35"
"42","Zay Flowers",BAL,"WR20","4 out of 5 stars","3 out of 5 stars","+19"
"43","Emeka Egbuka",TB,"WR21","4 out of 5 stars","4 out of 5 stars","+39"
"44","Jakobi Meyers",JAC,"WR22","2 out of 5 stars","3 out of 5 stars","+44"
"45","Mike Evans",TB,"WR23","4 out of 5 stars","4 out of 5 stars","-5"
"46","Dak Prescott",DAL,"QB5","3 out of 5 stars","3 out of 5 stars","+48"
"47","RJ Harvey",DEN,"RB16","1 out of 5 stars","2 out of 5 stars","+12"
"48","Quinshon Judkins",CLE,"RB17","4 out of 5 stars","4 out of 5 stars","+70"
"49","Courtland Sutton",DEN,"WR24","2 out of 5 stars","2 out of 5 stars","+2"
"50","Ashton Jeanty",LV,"RB18","4 out of 5 stars","4 out of 5 stars","-39"
"51","Stefon Diggs",NE,"WR25","4 out of 5 stars","4 out of 5 stars","+35"
"52","DK Metcalf",PIT,"WR26","5 out of 5 stars","5 out of 5 stars","-4"
"53","Matthew Stafford",LAR,"QB6","2 out of 5 stars","2 out of 5 stars","+126"
"54","D'Andre Swift",CHI,"RB19","3 out of 5 stars","3 out of 5 stars","0"
"55","Rico Dowdle",CAR,"RB20","2 out of 5 stars","3 out of 5 stars","+150"
"56","Drake London",ATL,"WR27","3 out of 5 stars","2 out of 5 stars","-39"
"57","Breece Hall",NYJ,"RB21","3 out of 5 stars","2 out of 5 stars","-19"
"58","Terry McLaurin",WAS,"WR28","3 out of 5 stars","3 out of 5 stars","-19"
"59","Jauan Jennings",SF,"WR29","4 out of 5 stars","5 out of 5 stars","+45"
"60","Woody Marks",HOU,"RB22","2 out of 5 stars","3 out of 5 stars","+177"
"61","Jaylen Warren",PIT,"RB23","2 out of 5 stars","2 out of 5 stars","+23"
"62","Omarion Hampton",LAC,"RB24","4 out of 5 stars","3 out of 5 stars","-27"
"63","Michael Pittman Jr.",IND,"WR30","2 out of 5 stars","2 out of 5 stars","+45"
"64","Brian Thomas Jr.",JAC,"WR31","2 out of 5 stars","3 out of 5 stars","-49"
"65","Jaxson Dart",NYG,"QB7","3 out of 5 stars","4 out of 5 stars","+179"
"66","Joe Burrow",CIN,"QB8","4 out of 5 stars","3 out of 5 stars","-34"
"67","Khalil Shakir",BUF,"WR32","3 out of 5 stars","3 out of 5 stars","+34"
"68","Brock Purdy",SF,"QB9","3 out of 5 stars","4 out of 5 stars","+25"
"69","Christian Watson",GB,"WR33","4 out of 5 stars","3 out of 5 stars","+267"
"70","Deebo Samuel Sr.",WAS,"WR34","3 out of 5 stars","3 out of 5 stars","+9"
"71","Kenneth Walker III",SEA,"RB25","3 out of 5 stars","2 out of 5 stars","-28"
"72","Aaron Jones Sr.",MIN,"RB26","4 out of 5 stars","4 out of 5 stars","-5"
"73","Tyrone Tracy Jr.",NYG,"RB27","3 out of 5 stars","3 out of 5 stars","+2"
"74","Jacoby Brissett",ARI,"QB10","4 out of 5 stars","3 out of 5 stars","+606"
"75","Jayden Reed",GB,"WR35","4 out of 5 stars","3 out of 5 stars","+49"
"76","Marvin Harrison Jr.",ARI,"WR36","3 out of 5 stars","3 out of 5 stars","-32"
"77","Troy Franklin",DEN,"WR37","2 out of 5 stars","2 out of 5 stars","+196"
"78","Romeo Doubs",GB,"WR38","4 out of 5 stars","3 out of 5 stars","+114"
"79","Luther Burden III",CHI,"WR39","3 out of 5 stars","4 out of 5 stars","+96"
"80","Kyle Pitts Sr.",ATL,"TE4","3 out of 5 stars","4 out of 5 stars","+52"
"81","Travis Kelce",KC,"TE5","3 out of 5 stars","4 out of 5 stars","-18"
"82","Ricky Pearsall",SF,"WR40","4 out of 5 stars","5 out of 5 stars","+3"
"83","Keenan Allen",LAC,"WR41","4 out of 5 stars","3 out of 5 stars","+63"
"84","Alec Pierce",IND,"WR42","2 out of 5 stars","2 out of 5 stars","+163"
"85","Jayden Higgins",HOU,"WR43","2 out of 5 stars","2 out of 5 stars","+65"
"86","DJ Moore",CHI,"WR44","3 out of 5 stars","4 out of 5 stars","-36"
"87","Chris Godwin Jr.",TB,"WR45","4 out of 5 stars","4 out of 5 stars","+15"
"88","Jordan Addison",MIN,"WR46","3 out of 5 stars","4 out of 5 stars","+3"
"89","Jake Ferguson",DAL,"TE6","5 out of 5 stars","4 out of 5 stars","+47"
"90","Harold Fannin Jr.",CLE,"TE7","3 out of 5 stars","3 out of 5 stars","+169"
"91","Jared Goff",DET,"QB11","2 out of 5 stars","2 out of 5 stars","+9"
"92","Xavier Worthy",KC,"WR47","3 out of 5 stars","2 out of 5 stars","-39"
"93","Kayshon Boutte",NE,"WR48","4 out of 5 stars","4 out of 5 stars","+196"
"94","Adonai Mitchell",NYJ,"WR49","4 out of 5 stars","3 out of 5 stars","+212"
"95","Bo Nix",DEN,"QB12","2 out of 5 stars","2 out of 5 stars","-25"
"96","Tyler Warren",IND,"TE8","3 out of 5 stars","3 out of 5 stars","-9"
"97","Blake Corum",LAR,"RB28","2 out of 5 stars","2 out of 5 stars","+138"
"98","Caleb Williams",CHI,"QB13","4 out of 5 stars","3 out of 5 stars","+21"
"99","Dallas Goedert",PHI,"TE9","4 out of 5 stars","4 out of 5 stars","+41"
"100","Trevor Lawrence",JAC,"QB14","1 out of 5 stars","2 out of 5 stars","+58"
"101","Quentin Johnston",LAC,"WR50","4 out of 5 stars","3 out of 5 stars","+121"
"102","Jordan Love",GB,"QB15","4 out of 5 stars","2 out of 5 stars","+31"
"103","Davante Adams",LAR,"WR51","3 out of 5 stars","4 out of 5 stars","-61"
"104","Kyle Monangai",CHI,"RB29","3 out of 5 stars","3 out of 5 stars","+152"
"105","Baker Mayfield",TB,"QB16","4 out of 5 stars","4 out of 5 stars","-43"
"106","Dalton Kincaid",BUF,"TE10","1 out of 5 stars","2 out of 5 stars","+19"
"107","Rome Odunze",CHI,"WR52","3 out of 5 stars","4 out of 5 stars","-30"
"108","Darius Slayton",NYG,"WR53","2 out of 5 stars","3 out of 5 stars","+161"
"109","Justin Herbert",LAC,"QB17","3 out of 5 stars","3 out of 5 stars","+1"
"110","Darnell Mooney",ATL,"WR54","3 out of 5 stars","2 out of 5 stars","+27"
"111","C.J. Stroud",HOU,"QB18","2 out of 5 stars","2 out of 5 stars","+16"
"112","David Montgomery",DET,"RB30","3 out of 5 stars","2 out of 5 stars","-54"
"113","Dalton Schultz",HOU,"TE11","4 out of 5 stars","4 out of 5 stars","+116"
"114","Josh Downs",IND,"WR55","2 out of 5 stars","2 out of 5 stars","+7"
"115","Zach Charbonnet",SEA,"RB31","3 out of 5 stars","2 out of 5 stars","-10"
"116","Colston Loveland",CHI,"TE12","3 out of 5 stars","3 out of 5 stars","-3"
"117","Kenneth Gainwell",PIT,"RB32","2 out of 5 stars","2 out of 5 stars","+208"
"118","Rashid Shaheed",SEA,"WR56","3 out of 5 stars","3 out of 5 stars","+24"
"119","Hunter Henry",NE,"TE13","3 out of 5 stars","3 out of 5 stars","+41"
"120","Oronde Gadsden II",LAC,"TE14","3 out of 5 stars","3 out of 5 stars","+270"
"121","Brenton Strange",JAC,"TE15","3 out of 5 stars","3 out of 5 stars","+68"
"122","Jerry Jeudy",CLE,"WR57","3 out of 5 stars","4 out of 5 stars","-48"
"123","Sam Darnold",SEA,"QB19","3 out of 5 stars","2 out of 5 stars","+89"
"124","J.J. McCarthy",MIN,"QB20","3 out of 5 stars","5 out of 5 stars","+21"
"125","Chimere Dike",TEN,"WR58","3 out of 5 stars","3 out of 5 stars","+593"
"126","Theo Johnson",NYG,"TE16","3 out of 5 stars","4 out of 5 stars","+173"
"127","Tyler Shough",NO,"QB21","5 out of 5 stars","5 out of 5 stars","+192"
"128","John Metchie III",NYJ,"WR59","4 out of 5 stars","3 out of 5 stars","+227"
"129","Marcus Mariota",WAS,"QB22","4 out of 5 stars","4 out of 5 stars","+379"
"130","Mark Andrews",BAL,"TE17","4 out of 5 stars","4 out of 5 stars","-57"
"131","Michael Carter",ARI,"RB33","4 out of 5 stars","3 out of 5 stars","+524"
"132","Jalen Coker",CAR,"WR60","2 out of 5 stars","2 out of 5 stars","+128"
"133","Parker Washington",JAC,"WR61","2 out of 5 stars","3 out of 5 stars","+282"
"134","Juwan Johnson",NO,"TE18","4 out of 5 stars","3 out of 5 stars","+164"
"135","Tony Pollard",TEN,"RB34","2 out of 5 stars","3 out of 5 stars","-69"
"136","Devaughn Vele",NO,"WR62","5 out of 5 stars","4 out of 5 stars","+249"
"137","Chuba Hubbard",CAR,"RB35","2 out of 5 stars","3 out of 5 stars","-91"
"138","Jacory Croskey-Merritt",WAS,"RB36","4 out of 5 stars","5 out of 5 stars","-42"
"139","Tre Tucker",LV,"WR63","2 out of 5 stars","1 out of 5 stars","+219"
"140","Colby Parkinson",LAR,"TE19","3 out of 5 stars","2 out of 5 stars","+440"
"141","Bryce Young",CAR,"QB23","2 out of 5 stars","2 out of 5 stars","+41"
"142","Kareem Hunt",KC,"RB37","3 out of 5 stars","3 out of 5 stars","+54"
"143","AJ Barner",SEA,"TE20","2 out of 5 stars","3 out of 5 stars","+261"
"144","Rhamondre Stevenson",NE,"RB38","4 out of 5 stars","5 out of 5 stars","-33"
"145","Cooper Kupp",SEA,"WR64","3 out of 5 stars","3 out of 5 stars","-55"
"146","Chris Rodriguez Jr.",WAS,"RB39","4 out of 5 stars","5 out of 5 stars","+148"
"147","Isiah Pacheco",KC,"RB40","3 out of 5 stars","3 out of 5 stars","-87"
"148","Darren Waller",MIA,"TE21","5 out of 5 stars","5 out of 5 stars","+45"
"149","Mack Hollins",NE,"WR65","4 out of 5 stars","4 out of 5 stars","+247"
"150","Kimani Vidal",LAC,"RB41","4 out of 5 stars","3 out of 5 stars","+563"
"151","Cade Otton",TB,"TE22","3 out of 5 stars","2 out of 5 stars","+64"
"152","Aaron Rodgers",PIT,"QB24","3 out of 5 stars","3 out of 5 stars","+59"
"153","Shedeur Sanders",CLE,"QB25","3 out of 5 stars","4 out of 5 stars","+95"
"154","Isaiah Likely",BAL,"TE23","4 out of 5 stars","4 out of 5 stars","+32"
"155","Elic Ayomanor",TEN,"WR66","3 out of 5 stars","3 out of 5 stars","+98"
"156","Brian Robinson Jr.",SF,"RB42","3 out of 5 stars","3 out of 5 stars","-36"
"157","Tyler Allgeier",ATL,"RB43","3 out of 5 stars","3 out of 5 stars","+8"
"158","Evan Engram",DEN,"TE24","3 out of 5 stars","3 out of 5 stars","-77"
"159","Pat Bryant",DEN,"WR67","2 out of 5 stars","2 out of 5 stars","+115"
"160","Mike Gesicki",CIN,"TE25","4 out of 5 stars","3 out of 5 stars","+66"
"161","T.J. Hockenson",MIN,"TE26","2 out of 5 stars","3 out of 5 stars","-97"
"162","Malik Washington",MIA,"WR68","2 out of 5 stars","2 out of 5 stars","+165"
"163","Tyjae Spears",TEN,"RB44","2 out of 5 stars","3 out of 5 stars","+17"
"164","Kirk Cousins",ATL,"QB26","3 out of 5 stars","3 out of 5 stars","+137"
"165","Rachaad White",TB,"RB45","4 out of 5 stars","4 out of 5 stars","-22"
"166","Devin Singletary",NYG,"RB46","3 out of 5 stars","3 out of 5 stars","+124"
"167","Matthew Golden",GB,"WR69","4 out of 5 stars","3 out of 5 stars","-78"
"168","Jordan Mason",MIN,"RB47","4 out of 5 stars","4 out of 5 stars","-73"
"169","Emanuel Wilson",GB,"RB48","4 out of 5 stars","3 out of 5 stars","+153"
"170","Gunnar Helm",TEN,"TE27","3 out of 5 stars","3 out of 5 stars","+276"
"171","Tua Tagovailoa",MIA,"QB27","5 out of 5 stars","4 out of 5 stars","+3"
"172","Dontayvion Wicks",GB,"WR70","4 out of 5 stars","3 out of 5 stars","+114"
"173","Denver Broncos",DEN,"DST1","2 out of 5 stars","1 out of 5 stars","-74"
"174","Xavier Legette",CAR,"WR71","2 out of 5 stars","2 out of 5 stars","+2"
"175","Jonnu Smith",PIT,"TE28","2 out of 5 stars","2 out of 5 stars","-23"
"176","Samaje Perine",CIN,"RB49","4 out of 5 stars","4 out of 5 stars","+244"
"177","Marvin Mims Jr.",DEN,"WR72","2 out of 5 stars","2 out of 5 stars","-26"
"178","Philadelphia Eagles",PHI,"DST2","3 out of 5 stars","4 out of 5 stars","-66"
"179","Christian Kirk",HOU,"WR73","2 out of 5 stars","2 out of 5 stars","-30"
"180","Houston Texans",HOU,"DST3","5 out of 5 stars","5 out of 5 stars","-42"
"181","Tre Harris",LAC,"WR74","4 out of 5 stars","3 out of 5 stars","+44"
"182","Luke Musgrave",GB,"TE29","2 out of 5 stars","2 out of 5 stars","+155"
"183","DeMario Douglas",NE,"WR75","4 out of 5 stars","4 out of 5 stars","+12"
"184","Pat Freiermuth",PIT,"TE30","2 out of 5 stars","2 out of 5 stars","+26"
"185","Keon Coleman",BUF,"WR76","3 out of 5 stars","3 out of 5 stars","-69"
"186","Cam Ward",TEN,"QB28","1 out of 5 stars","2 out of 5 stars","-9"
"187","Taysom Hill",NO,"TE31","4 out of 5 stars","3 out of 5 stars","+104"
"188","Ryan Flournoy",DAL,"WR77","3 out of 5 stars","2 out of 5 stars","+676"
"189","Pittsburgh Steelers",PIT,"DST4","3 out of 5 stars","3 out of 5 stars","-60"
"190","Darnell Washington",PIT,"TE32","2 out of 5 stars","2 out of 5 stars","+158"
"191","Sean Tucker",TB,"RB50","4 out of 5 stars","4 out of 5 stars","+114"
"192","Brandon Aubrey",DAL,"K1","4 out of 5 stars","4 out of 5 stars","-89"
"193","Ollie Gordon II",MIA,"RB51","4 out of 5 stars","3 out of 5 stars","-34"
"194","Andrei Iosivas",CIN,"WR78","4 out of 5 stars","4 out of 5 stars","+99"
"195","Chig Okonkwo",TEN,"TE33","3 out of 5 stars","3 out of 5 stars","+35"
"196","Marquise Brown",KC,"WR79","3 out of 5 stars","2 out of 5 stars","-30"
"197","Mason Taylor",NYJ,"TE34","3 out of 5 stars","3 out of 5 stars","+44"
"198","New England Patriots",NE,"DST5","4 out of 5 stars","3 out of 5 stars","+16"
"199","Green Bay Packers",GB,"DST6","2 out of 5 stars","2 out of 5 stars","-42"
"200","Buffalo Bills",BUF,"DST7","4 out of 5 stars","4 out of 5 stars","-66"
"201","Seattle Seahawks",SEA,"DST8","3 out of 5 stars","2 out of 5 stars","-14"
"202","Tez Johnson",TB,"WR80","4 out of 5 stars","4 out of 5 stars","+138"
"203","Cameron Dicker",LAC,"K2","3 out of 5 stars","2 out of 5 stars","-75"
"204","Calvin Austin III",PIT,"WR81","5 out of 5 stars","5 out of 5 stars","+60"
"205","Ka'imi Fairbairn",HOU,"K3","4 out of 5 stars","5 out of 5 stars","-38"
"206","Alvin Kamara",NO,"RB52","5 out of 5 stars","5 out of 5 stars","-170"
"207","Jake Bates",DET,"K4","4 out of 5 stars","3 out of 5 stars","-81"
"208","Olamide Zaccheaus",CHI,"WR82","3 out of 5 stars","4 out of 5 stars","+134"
"209","Jeremy McNichols",WAS,"RB53","4 out of 5 stars","5 out of 5 stars","+243"
"210","Jaleel McLaughlin",DEN,"RB54","1 out of 5 stars","2 out of 5 stars","+92"
"211","Jaylen Wright",MIA,"RB55","4 out of 5 stars","3 out of 5 stars","+25"
"212","Jack Bech",LV,"WR83","2 out of 5 stars","1 out of 5 stars","+31"
"213","Audric Estime",NO,"RB56","5 out of 5 stars","5 out of 5 stars","+125"
"214","Isaiah Bond",CLE,"WR84","3 out of 5 stars","4 out of 5 stars","+315"
"215","Chase McLaughlin",TB,"K5","3 out of 5 stars","4 out of 5 stars","-71"
"216","Kansas City Chiefs",KC,"DST9","4 out of 5 stars","4 out of 5 stars","-43"
"217","Tyler Loop",BAL,"K6","2 out of 5 stars","3 out of 5 stars","-33"
"218","Minnesota Vikings",MIN,"DST10","2 out of 5 stars","1 out of 5 stars","-77"
"219","Detroit Lions",DET,"DST11","4 out of 5 stars","3 out of 5 stars","-55"
"220","Isaac TeSlaa",DET,"WR85","2 out of 5 stars","2 out of 5 stars","-4"
"221","Jacksonville Jaguars",JAC,"DST12","1 out of 5 stars","2 out of 5 stars","+91"
"222","Philip Rivers",IND,"QB29","4 out of 5 stars","2 out of 5 stars","-"
"223","Wil Lutz",DEN,"K7","1 out of 5 stars","1 out of 5 stars","-38"
"224","Emari Demercado",ARI,"RB57","4 out of 5 stars","3 out of 5 stars","+438"
"225","Jaylin Noel",HOU,"WR86","2 out of 5 stars","2 out of 5 stars","+33"
"226","Tyler Lockett",LV,"WR87","2 out of 5 stars","1 out of 5 stars","+58"
"227","David Njoku",CLE,"TE35","3 out of 5 stars","3 out of 5 stars","-147"
"228","San Francisco 49ers",SF,"DST13","1 out of 5 stars","2 out of 5 stars","-67"
"229","Tampa Bay Buccaneers",TB,"DST14","4 out of 5 stars","4 out of 5 stars","-21"
"230","Noah Fant",CIN,"TE36","4 out of 5 stars","3 out of 5 stars","+93"
"231","Ty Johnson",BUF,"RB58","2 out of 5 stars","2 out of 5 stars","+82"
"232","Jalen Nailor",MIN,"WR88","3 out of 5 stars","4 out of 5 stars","+148"
"233","Los Angeles Rams",LAR,"DST15","2 out of 5 stars","1 out of 5 stars","-31"
"234","Rashod Bateman",BAL,"WR89","4 out of 5 stars","3 out of 5 stars","-64"
"235","Dawson Knox",BUF,"TE37","1 out of 5 stars","2 out of 5 stars","+75"
"236","Kendrick Bourne",SF,"WR90","4 out of 5 stars","5 out of 5 stars","+454"
"237","Cleveland Browns",CLE,"DST16","2 out of 5 stars","1 out of 5 stars","+8"
"238","Jawhar Jordan",HOU,"RB59","2 out of 5 stars","3 out of 5 stars","+628"
"239","Cam Little",JAC,"K8","4 out of 5 stars","4 out of 5 stars","-61"
"240","Baltimore Ravens",BAL,"DST17","2 out of 5 stars","3 out of 5 stars","-123"
"241","Isaiah Davis",NYJ,"RB60","3 out of 5 stars","2 out of 5 stars","+436"
"242","Bhayshul Tuten",JAC,"RB61","2 out of 5 stars","3 out of 5 stars","-94"
"243","Dyami Brown",JAC,"WR91","2 out of 5 stars","3 out of 5 stars","+33"
"244","Los Angeles Chargers",LAC,"DST18","1 out of 5 stars","1 out of 5 stars","-45"
"245","Gardner Minshew II",KC,"QB30","3 out of 5 stars","1 out of 5 stars","+143"
"246","DeAndre Hopkins",BAL,"WR92","4 out of 5 stars","3 out of 5 stars","-12"
"247","Tank Bigsby",PHI,"RB62","5 out of 5 stars","4 out of 5 stars","-116"
"248","Ja'Tavion Sanders",CAR,"TE38","4 out of 5 stars","4 out of 5 stars","-6"
"249","Evan McPherson",CIN,"K9","4 out of 5 stars","5 out of 5 stars","-55"
"250","Joshua Palmer",BUF,"WR93","3 out of 5 stars","3 out of 5 stars","-19"
"251","Cedric Tillman",CLE,"WR94","3 out of 5 stars","4 out of 5 stars","-61"
"252","Dylan Sampson",CLE,"RB63","4 out of 5 stars","4 out of 5 stars","-84"
"253","Nick Chubb",HOU,"RB64","2 out of 5 stars","3 out of 5 stars","-131"
"254","Chris Boswell",PIT,"K10","3 out of 5 stars","3 out of 5 stars","-99"
"255","Kyle Williams",NE,"WR95","4 out of 5 stars","4 out of 5 stars","-23"
"256","Jordan Whittington",LAR,"WR96","3 out of 5 stars","4 out of 5 stars","+116"
"257","Tyler Badie",DEN,"RB65","1 out of 5 stars","2 out of 5 stars","+265"
"258","Sterling Shepard",TB,"WR97","4 out of 5 stars","4 out of 5 stars","+192"
"259","Keaton Mitchell",BAL,"RB66","2 out of 5 stars","3 out of 5 stars","-8"
"260","Terrance Ferguson",LAR,"TE39","3 out of 5 stars","2 out of 5 stars","+17"
"261","Geno Smith",LV,"QB31","2 out of 5 stars","1 out of 5 stars","-70"
"262","Cole Kmet",CHI,"TE40","3 out of 5 stars","3 out of 5 stars","-5"
"263","Roman Wilson",PIT,"WR98","5 out of 5 stars","5 out of 5 stars","+19"
"264","Brashard Smith",KC,"RB67","3 out of 5 stars","3 out of 5 stars","+3"
"265","Ray Davis",BUF,"RB68","2 out of 5 stars","2 out of 5 stars","-93"
"266","Kenny Pickett",LV,"QB32","2 out of 5 stars","1 out of 5 stars","+112"
"267","Tyquan Thornton",KC,"WR99","3 out of 5 stars","2 out of 5 stars","+130"
"268","Jason Myers",SEA,"K11","3 out of 5 stars","3 out of 5 stars","+63"
"269","Ben Sinnott",WAS,"TE41","3 out of 5 stars","2 out of 5 stars","+95"
"270","Harrison Butker",KC,"K12","4 out of 5 stars","4 out of 5 stars","-101"
"271","Eddy Pineiro",SF,"K13","2 out of 5 stars","3 out of 5 stars","+178"
"272","Elijah Arroyo",SEA,"TE42","2 out of 5 stars","3 out of 5 stars","-26"
"273","New Orleans Saints",NO,"DST19","5 out of 5 stars","5 out of 5 stars","-2"
"274","Dallas Cowboys",DAL,"DST20","5 out of 5 stars","5 out of 5 stars","-74"
"275","Matt Prater",BUF,"K14","4 out of 5 stars","3 out of 5 stars","+210"
"276","LeQuint Allen Jr.",JAC,"RB69","2 out of 5 stars","3 out of 5 stars","+544"
"277","KaVontae Turpin",DAL,"WR100","3 out of 5 stars","2 out of 5 stars","+74"
"278","New York Giants",NYG,"DST21","5 out of 5 stars","5 out of 5 stars","-75"
"279","Jalen McMillan",TB,"WR101","4 out of 5 stars","4 out of 5 stars","+9"
"280","Dont'e Thornton Jr.",LV,"WR102","2 out of 5 stars","1 out of 5 stars","-62"
"281","Justin Fields",NYJ,"QB33","3 out of 5 stars","3 out of 5 stars","-167"
"282","Jaylin Lane",WAS,"WR103","3 out of 5 stars","3 out of 5 stars","+217"
"283","Tyrod Taylor",NYJ,"QB34","3 out of 5 stars","3 out of 5 stars","+348"
"284","Will Shipley",PHI,"RB70","5 out of 5 stars","4 out of 5 stars","-83"
"285","Jake Elliott",PHI,"K15","3 out of 5 stars","3 out of 5 stars","-123"
"286","Chris Brooks",GB,"RB71","4 out of 5 stars","3 out of 5 stars","+220"
"287","Jerome Ford",CLE,"RB72","4 out of 5 stars","4 out of 5 stars","-131"
"288","Xavier Hutchinson",HOU,"WR104","2 out of 5 stars","2 out of 5 stars","+380"
"289","Tutu Atwell",LAR,"WR105","3 out of 5 stars","4 out of 5 stars","+31"
"290","Tyler Bass",BUF,"K16","4 out of 5 stars","3 out of 5 stars","-127"
"291","Will Reichard",MIN,"K17","4 out of 5 stars","5 out of 5 stars","-70"
"292","Kaleb Johnson",PIT,"RB73","2 out of 5 stars","2 out of 5 stars","-216"
"293","Matt Gay",FA,"K18","-","-","-87"
"294","Josh Oliver",MIN,"TE43","2 out of 5 stars","3 out of 5 stars","+72"
"295","Arizona Cardinals",ARI,"DST22","4 out of 5 stars","3 out of 5 stars","-107"
"296","Jaydon Blue",DAL,"RB74","3 out of 5 stars","4 out of 5 stars","-157"
"297","DJ Giddens",IND,"RB75","3 out of 5 stars","2 out of 5 stars","-45"
"298","Harrison Mevis",LAR,"K19","2 out of 5 stars","3 out of 5 stars","+103"
"299","Jason Sanders",MIA,"K20","4 out of 5 stars","4 out of 5 stars","-92"
"300","Brandon McManus",GB,"K21","4 out of 5 stars","4 out of 5 stars","-81"
"301","Trevor Etienne",CAR,"RB76","2 out of 5 stars","3 out of 5 stars","-33"
"302","Hassan Haskins",LAC,"RB77","4 out of 5 stars","3 out of 5 stars","+316"
"303","Michael Mayer",LV,"TE44","2 out of 5 stars","1 out of 5 stars","+32"
"304","Sam LaPorta",DET,"TE45","3 out of 5 stars","2 out of 5 stars","-252"
"305","Cairo Santos",CHI,"K22","1 out of 5 stars","2 out of 5 stars","-18"
"306","Andy Borregales",NE,"K23","5 out of 5 stars","5 out of 5 stars","-3"
"307","Tommy Tremble",CAR,"TE46","4 out of 5 stars","4 out of 5 stars","+216"
"308","Indianapolis Colts",IND,"DST23","2 out of 5 stars","1 out of 5 stars","-46"
"309","Greg Dortch",ARI,"WR106","3 out of 5 stars","3 out of 5 stars","+308"
"310","Riley Leonard",IND,"QB35","4 out of 5 stars","2 out of 5 stars","+259"
"311","Austin Hooper",NE,"TE47","3 out of 5 stars","3 out of 5 stars","+43"
"312","Greg Dulcich",MIA,"TE48","5 out of 5 stars","5 out of 5 stars","+497"
"313","Tahj Brooks",CIN,"RB78","4 out of 5 stars","4 out of 5 stars","-80"
"314","Brandon Aiyuk",SF,"WR107","4 out of 5 stars","5 out of 5 stars","-167"
"315","Jarquez Hunter",LAR,"RB79","2 out of 5 stars","2 out of 5 stars","-34"
"316","Matthew Wright",FA,"K24","-","-","+100"
"317","Justice Hill",BAL,"RB80","2 out of 5 stars","3 out of 5 stars","-79"
"318","Younghoe Koo",FA,"K25","-","-","-121"
"319","Jeremy Ruckert",NYJ,"TE49","3 out of 5 stars","3 out of 5 stars","+346"
"320","Jahan Dotson",PHI,"WR108","4 out of 5 stars","4 out of 5 stars","+12"
"321","JuJu Smith-Schuster",KC,"WR109","3 out of 5 stars","2 out of 5 stars","-5"
"322","MarShawn Lloyd",GB,"RB81","4 out of 5 stars","3 out of 5 stars","-22"
"323","Isaac Guerendo",SF,"RB82","3 out of 5 stars","3 out of 5 stars","-114"
"324","Miami Dolphins",MIA,"DST24","4 out of 5 stars","3 out of 5 stars","-97"
"325","Tory Horton",SEA,"WR110","3 out of 5 stars","3 out of 5 stars","-70"
"326","Josh Reynolds",NYJ,"WR111","4 out of 5 stars","3 out of 5 stars","+149"
"327","Brady Cook",NYJ,"QB36","3 out of 5 stars","3 out of 5 stars","+523"
"328","Brock Wright",DET,"TE50","3 out of 5 stars","2 out of 5 stars","+41"
"329","Tyler Higbee",LAR,"TE51","3 out of 5 stars","2 out of 5 stars","-18"
"330","Tyler Johnson",NYJ,"WR112","4 out of 5 stars","3 out of 5 stars","+381"
"331","John FitzPatrick",GB,"TE52","2 out of 5 stars","2 out of 5 stars","+227"
"332","Savion Williams",GB,"WR113","4 out of 5 stars","3 out of 5 stars","+80"
"333","Evan Hull",NO,"RB83","5 out of 5 stars","5 out of 5 stars","+500"
"334","Chad Ryland",ARI,"K26","4 out of 5 stars","3 out of 5 stars","+5"
"335","Demarcus Robinson",SF,"WR114","4 out of 5 stars","5 out of 5 stars","+63"
"336","J.K. Dobbins",DEN,"RB84","1 out of 5 stars","2 out of 5 stars","-238"
"337","Jake Moody",WAS,"K27","5 out of 5 stars","5 out of 5 stars","-114"
"338","Joshua Karty",LAR,"K28","2 out of 5 stars","3 out of 5 stars","-53"
"339","Roschon Johnson",CHI,"RB85","3 out of 5 stars","3 out of 5 stars","-115"
"340","KeAndre Lambert-Smith",LAC,"WR115","4 out of 5 stars","3 out of 5 stars","-11"
"341","Cade Stover",HOU,"TE53","4 out of 5 stars","4 out of 5 stars","+137"
"342","Adam Thielen",PIT,"WR116","5 out of 5 stars","5 out of 5 stars","-171"
"343","Hunter Long",JAC,"TE54","3 out of 5 stars","3 out of 5 stars","+454"
"344","David Sills V",ATL,"WR117","3 out of 5 stars","2 out of 5 stars","+575"
"345","Jalen Tolbert",DAL,"WR118","3 out of 5 stars","2 out of 5 stars","+7"
"346","Braelon Allen",NYJ,"RB86","3 out of 5 stars","2 out of 5 stars","-211"
"347","Jackson Hawes",BUF,"TE55","1 out of 5 stars","2 out of 5 stars","+288"
"348","Noah Gray",KC,"TE56","3 out of 5 stars","4 out of 5 stars","-83"
"349","Quinn Ewers",MIA,"QB37","5 out of 5 stars","4 out of 5 stars","+54"
"350","Luke McCaffrey",WAS,"WR119","3 out of 5 stars","3 out of 5 stars","-53"
"351","Washington Commanders",WAS,"DST25","1 out of 5 stars","2 out of 5 stars","-153"
"352","A.J. Dillon",PHI,"RB87","5 out of 5 stars","4 out of 5 stars","-31"
"353","Jalen Royals",KC,"WR120","3 out of 5 stars","2 out of 5 stars","-58"
"354","New York Jets",NYJ,"DST26","4 out of 5 stars","3 out of 5 stars","-150"
"355","Joe Mixon",HOU,"RB88","2 out of 5 stars","3 out of 5 stars","-240"
"356","Dameon Pierce",KC,"RB89","3 out of 5 stars","3 out of 5 stars","-60"
"357","Raheem Mostert",LV,"RB90","4 out of 5 stars","4 out of 5 stars","-137"
"358","George Holani",SEA,"RB91","3 out of 5 stars","2 out of 5 stars","+155"
"359","Zamir White",LV,"RB92","4 out of 5 stars","4 out of 5 stars","-35"
"360","Mason Rudolph",PIT,"QB38","3 out of 5 stars","3 out of 5 stars","+8"
"361","Tim Patrick",JAC,"WR121","2 out of 5 stars","3 out of 5 stars","+73"
"362","Adam Trautman",DEN,"TE57","3 out of 5 stars","3 out of 5 stars","+43"
"363","Daniel Carlson",LV,"K29","2 out of 5 stars","3 out of 5 stars","-146"
"364","Hunter Renfrow",CAR,"WR122","2 out of 5 stars","2 out of 5 stars","-21"
"365","Mitchell Evans",CAR,"TE58","4 out of 5 stars","4 out of 5 stars","+74"
"366","Jameis Winston",NYG,"QB39","3 out of 5 stars","4 out of 5 stars","-51"
"367","Isaiah Hodgins",NYG,"WR123","2 out of 5 stars","3 out of 5 stars","+404"
"368","Jake Tonges",SF,"TE59","3 out of 5 stars","4 out of 5 stars","+439"
"369","Tyler Conklin",LAC,"TE60","3 out of 5 stars","3 out of 5 stars","-89"
"370","Dare Ogunbowale",HOU,"RB93","2 out of 5 stars","3 out of 5 stars","+321"
"371","Mitch Tinsley",CIN,"WR124","4 out of 5 stars","4 out of 5 stars","-8"
"372","Jared Wiley",KC,"TE61","3 out of 5 stars","4 out of 5 stars","+233"
"373","Drew Sample",CIN,"TE62","4 out of 5 stars","3 out of 5 stars","+120"
"374","Davis Allen",LAR,"TE63","3 out of 5 stars","2 out of 5 stars","+318"
"375","Curtis Samuel",BUF,"WR125","3 out of 5 stars","3 out of 5 stars","+24"
"376","Lil'Jordan Humphrey",DEN,"WR126","2 out of 5 stars","2 out of 5 stars","+198"
"377","Arian Smith",NYJ,"WR127","4 out of 5 stars","3 out of 5 stars","+259"
"378","Aidan O'Connell",LV,"QB40","2 out of 5 stars","1 out of 5 stars","+289"
"379","Van Jefferson",TEN,"WR128","3 out of 5 stars","3 out of 5 stars","+158"
"380","Nick Westbrook-Ikhine",MIA,"WR129","2 out of 5 stars","2 out of 5 stars","-15"
"381","Chris Moore",WAS,"WR130","3 out of 5 stars","3 out of 5 stars","+361"
"382","Malik Davis",DAL,"RB94","3 out of 5 stars","4 out of 5 stars","+563"
"383","Jordan James",SF,"RB95","3 out of 5 stars","3 out of 5 stars","-79"
"384","Elijah Mitchell",FA,"RB96","-","-","-121"
"385","Konata Mumpfield",LAR,"WR131","3 out of 5 stars","4 out of 5 stars","+201"
"386","Julius Chestnut",TEN,"RB97","2 out of 5 stars","3 out of 5 stars","+253"
"387","Max Brosmer",MIN,"QB41","3 out of 5 stars","5 out of 5 stars","+452"
"388","John Bates",WAS,"TE64","3 out of 5 stars","2 out of 5 stars","+84"
"389","Phil Mafah",DAL,"RB98","3 out of 5 stars","4 out of 5 stars","+218"
"390","Joe Flacco",CIN,"QB42","4 out of 5 stars","3 out of 5 stars","-151"
"391","Grant Calcaterra",PHI,"TE65","4 out of 5 stars","4 out of 5 stars","-38"
"392","Kalel Mullings",TEN,"RB99","2 out of 5 stars","3 out of 5 stars","+223"
"393","Mac Jones",SF,"QB43","3 out of 5 stars","4 out of 5 stars","+2"
"394","Jaret Patterson",LAC,"RB100","4 out of 5 stars","3 out of 5 stars","+410"
"395","Hunter Luepke",DAL,"RB101","3 out of 5 stars","4 out of 5 stars","+231"
"396","Davis Mills",HOU,"QB44","2 out of 5 stars","2 out of 5 stars","+398"
"397","Dillon Gabriel",CLE,"QB45","3 out of 5 stars","4 out of 5 stars","+216"
"398","Elijah Higgins",ARI,"TE66","3 out of 5 stars","3 out of 5 stars","-28"
"399","Spencer Rattler",NO,"QB46","5 out of 5 stars","5 out of 5 stars","-8"
"400","Malik Willis",GB,"QB47","4 out of 5 stars","2 out of 5 stars","-13"
"401","Jake Browning",CIN,"QB48","4 out of 5 stars","3 out of 5 stars","+17"
"402","Brandin Cooks",BUF,"WR132","3 out of 5 stars","3 out of 5 stars","-28"
"403","Mason Tipton",NO,"WR133","5 out of 5 stars","4 out of 5 stars","+483"
"404","Ameer Abdullah",IND,"RB102","3 out of 5 stars","2 out of 5 stars","+333"
"405","Rasheen Ali",BAL,"RB103","2 out of 5 stars","3 out of 5 stars","+133"
"406","Tanner Hudson",CIN,"TE67","4 out of 5 stars","3 out of 5 stars","+244"
"407","Jalen Brooks",ARI,"WR134","3 out of 5 stars","3 out of 5 stars","+314"
"408","Devin Culp",TB,"TE68","3 out of 5 stars","2 out of 5 stars","+323"
"409","Kyle Juszczyk",SF,"RB104","3 out of 5 stars","3 out of 5 stars","+18"
"410","Kevin Austin Jr.",NO,"WR135","5 out of 5 stars","4 out of 5 stars","+411"
"411","Treylon Burks",WAS,"WR136","3 out of 5 stars","3 out of 5 stars","+294"
"412","Tyrell Shavers",BUF,"WR137","3 out of 5 stars","3 out of 5 stars","+7"
"413","Trey Lance",LAC,"QB49","3 out of 5 stars","3 out of 5 stars","+63"
"414","Trayveon Williams",CLE,"RB105","4 out of 5 stars","4 out of 5 stars","+343"
"415","Corey Kiner",ARI,"RB106","4 out of 5 stars","3 out of 5 stars","+86"
"416","Alec Ingold",MIA,"RB107","4 out of 5 stars","3 out of 5 stars","+283"
"417","Anthony Richardson Sr.",IND,"QB50","4 out of 5 stars","2 out of 5 stars","-168"